<ImportExportXml xmlns:xsi="http://www.w3.org/2001/XMLSchema-instance">
  <Entities></Entities>
  <Roles></Roles>
  <Workflows>
    <Workflow WorkflowId="{0477b912-aedd-eb11-bacb-000d3ae8540b}" Name="Info Flow" Description="Flow to get GUID for created by and modified by columns">
      <JsonFileName>/Workflows/InfoFlow-0477B912-AEDD-EB11-BACB-000D3AE8540B.json</JsonFileName>
      <Type>1</Type>
      <Subprocess>0</Subprocess>
      <Category>5</Category>
      <Mode>0</Mode>
      <Scope>4</Scope>
      <OnDemand>0</OnDemand>
      <TriggerOnCreate>0</TriggerOnCreate>
      <TriggerOnDelete>0</TriggerOnDelete>
      <AsyncAutodelete>0</AsyncAutodelete>
      <SyncWorkflowLogOnFailure>0</SyncWorkflowLogOnFailure>
      <StateCode>1</StateCode>
      <StatusCode>2</StatusCode>
      <RunAs>1</RunAs>
      <IsTransacted>1</IsTransacted>
      <IntroducedVersion>1.0.0.0</IntroducedVersion>
      <IsCustomizable>1</IsCustomizable>
      <BusinessProcessType>0</BusinessProcessType>
      <IsCustomProcessingStepAllowedForOtherPublishers>1</IsCustomProcessingStepAllowedForOtherPublishers>
      <PrimaryEntity>none</PrimaryEntity>
      <LocalizedNames>
        <LocalizedName languagecode="1033" description="Info Flow" />
      </LocalizedNames>
      <Descriptions>
        <Description languagecode="1033" description="Flow to get GUID for created by and modified by columns" />
      </Descriptions>
    </Workflow>
    <Workflow WorkflowId="{489ae963-8bdd-eb11-bacb-000d3ae85c05}" Name="Create Record from Collection" Description="Adds a record to two SharePoint Lists and sets the 'Created By' and 'Modified By' fields in one List to blank.">
      <JsonFileName>/Workflows/CreateRecordfromCollection-489AE963-8BDD-EB11-BACB-000D3AE85C05.json</JsonFileName>
      <Type>1</Type>
      <Subprocess>0</Subprocess>
      <Category>5</Category>
      <Mode>0</Mode>
      <Scope>4</Scope>
      <OnDemand>0</OnDemand>
      <TriggerOnCreate>0</TriggerOnCreate>
      <TriggerOnDelete>0</TriggerOnDelete>
      <AsyncAutodelete>0</AsyncAutodelete>
      <SyncWorkflowLogOnFailure>0</SyncWorkflowLogOnFailure>
      <StateCode>1</StateCode>
      <StatusCode>2</StatusCode>
      <RunAs>1</RunAs>
      <IsTransacted>1</IsTransacted>
      <IntroducedVersion>1.0.0.0</IntroducedVersion>
      <IsCustomizable>1</IsCustomizable>
      <BusinessProcessType>0</BusinessProcessType>
      <IsCustomProcessingStepAllowedForOtherPublishers>1</IsCustomProcessingStepAllowedForOtherPublishers>
      <PrimaryEntity>none</PrimaryEntity>
      <LocalizedNames>
        <LocalizedName languagecode="1033" description="Create Record from Collection" />
      </LocalizedNames>
      <Descriptions>
        <Description languagecode="1033" description="Adds a record to two SharePoint Lists and sets the 'Created By' and 'Modified By' fields in one List to blank." />
      </Descriptions>
    </Workflow>
    <Workflow WorkflowId="{a3c18593-3a87-eb11-a812-000d3ae8c9cb}" Name="Notifying HR Team when Exit Interview has a new response">
      <JsonFileName>/Workflows/NotifyingHRTeamwhenExitInterviewhasanewresponse-A3C18593-3A87-EB11-A812-000D3AE8C9CB.json</JsonFileName>
      <Type>1</Type>
      <Subprocess>0</Subprocess>
      <Category>5</Category>
      <Mode>0</Mode>
      <Scope>4</Scope>
      <OnDemand>0</OnDemand>
      <TriggerOnCreate>0</TriggerOnCreate>
      <TriggerOnDelete>0</TriggerOnDelete>
      <AsyncAutodelete>0</AsyncAutodelete>
      <SyncWorkflowLogOnFailure>0</SyncWorkflowLogOnFailure>
      <StateCode>1</StateCode>
      <StatusCode>2</StatusCode>
      <RunAs>1</RunAs>
      <IsTransacted>1</IsTransacted>
      <IntroducedVersion>1.0.0.0</IntroducedVersion>
      <IsCustomizable>1</IsCustomizable>
      <BusinessProcessType>0</BusinessProcessType>
      <IsCustomProcessingStepAllowedForOtherPublishers>1</IsCustomProcessingStepAllowedForOtherPublishers>
      <PrimaryEntity>none</PrimaryEntity>
      <LocalizedNames>
        <LocalizedName languagecode="1033" description="Notifying HR Team when Exit Interview has a new response" />
      </LocalizedNames>
    </Workflow>
  </Workflows>
  <FieldSecurityProfiles></FieldSecurityProfiles>
  <Templates />
  <EntityMaps />
  <EntityRelationships />
  <OrganizationSettings />
  <optionsets />
  <CustomControls />
  <EntityDataProviders />
  <CanvasApps>
    <CanvasApp>
      <Name>hres_hrexitsurvey_e119e</Name>
      <AppVersion>2021-07-05T13:49:50Z</AppVersion>
      <Status>Ready</Status>
      <CreatedByClientVersion>3.21063.34.0</CreatedByClientVersion>
      <MinClientVersion>3.21063.34.0</MinClientVersion>
      <Tags>{"primaryDeviceWidth":"1366","primaryDeviceHeight":"768","sienaVersion":"8ccb298c-32e6-4404-85f4-cf772eab0274","deviceCapabilities":"","supportsPortrait":"true","supportsLandscape":"true","primaryFormFactor":"Tablet","publisherVersion":"3.21063.34","minimumRequiredApiVersion":"2.2.0","hasComponent":"false","hasUnlockedComponent":"false","isUnifiedRootApp":"false"}</Tags>
      <IsCdsUpgraded>0</IsCdsUpgraded>
      <GalleryItemId xsi:nil="true"></GalleryItemId>
      <BackgroundColor>rgba(0, 176, 240, 1)</BackgroundColor>
      <DisplayName>HR Exit Survey</DisplayName>
      <Description xsi:nil="true"></Description>
      <CommitMessage>flow submission now works</CommitMessage>
      <Publisher xsi:nil="true"></Publisher>
      <AuthorizationReferences>[]</AuthorizationReferences>
      <ConnectionReferences>{"bcbc6220-915f-4e49-bed7-e6bb87feb323":{"id":"/providers/microsoft.powerapps/apis/shared_sharepointonline","displayName":"SharePoint","iconUri":"https://connectoricons-prod.azureedge.net/releases/v1.0.1472/1.0.1472.2427/sharepointonline/icon.png","dataSources":["HR Exit Survey Languages","HR Exit Survey Agreement Levels","HR Exit Survey EmploymentAtDeparture","HR Exit Survey DisabilityDetails","HR Exit Survey Factors","HR Exit Survey Group/Region","HR Exit Survey IndigenousDetails","HR Exit Survey LengthAtTC","HR Exit Survey MinorityDetails","HR Exit Survey NCR Group","HR Exit Survey OccupationalGroup","HR Exit Survey Reasons for Leaving","HR Exit Survey Y/N/Other","HR Exit Survey Responses"],"dependencies":[],"dependents":[],"parameterHints":{},"isOnPremiseConnection":false,"bypassConsent":false,"dataSets":{"https://034gc.sharepoint.com/sites/Demo":{"dataSources":{"HR Exit Survey Languages":{"tableName":"0c199590-fa6d-44ba-861a-835e1110551a"},"HR Exit Survey Agreement Levels":{"tableName":"493d4ce8-fbb7-4cc7-9dab-e63a1b0a1cd8"},"HR Exit Survey EmploymentAtDeparture":{"tableName":"afd151e0-e542-490d-9f37-7cd8084cab8f"},"HR Exit Survey DisabilityDetails":{"tableName":"c0f84ef5-a105-491a-be06-7edec5551b1b"},"HR Exit Survey Factors":{"tableName":"9a69f056-5d82-429f-bb1a-fd4f055bbe2e"},"HR Exit Survey Group/Region":{"tableName":"75e9c7bb-8c62-4a52-a79b-0142765d496c"},"HR Exit Survey IndigenousDetails":{"tableName":"c7983904-6323-4b4f-aa0c-dbe3b29a6980"},"HR Exit Survey LengthAtTC":{"tableName":"8073ca64-721f-4e50-b7f1-f9505ecb1ae8"},"HR Exit Survey MinorityDetails":{"tableName":"4d204340-9a6e-464d-b52b-0f88ded3f025"},"HR Exit Survey NCR Group":{"tableName":"a341f4a1-adbc-42d8-815b-782b6343cb7b"},"HR Exit Survey OccupationalGroup":{"tableName":"4b968c01-20c0-4472-b86f-f6421508e8b8"},"HR Exit Survey Reasons for Leaving":{"tableName":"c1e84fe4-ecbd-4289-9f51-373b06da189d"},"HR Exit Survey Y/N/Other":{"tableName":"5f5b0488-17ac-46a0-af40-efff513f4033"},"HR Exit Survey Responses":{"tableName":"2ead9830-4196-4288-8b06-d64781569e9b"}}}},"apiTier":"Standard"},"5806083a-9f93-4475-bfbe-06d9329cf3cb":{"id":"/providers/microsoft.powerapps/apis/shared_logicflows","displayName":"Logic flows","iconUri":"https://connectoricons-prod.azureedge.net/releases/v1.0.1438/1.0.1438.2324/logicflows/icon.png","dataSources":["CreateRecordfromCollection"],"dependencies":["ed1fb64e-96f1-44ac-b2d8-54f5521f9985"],"dependents":[],"parameterHints":{"workflowName":{"value":"c4b98e35-4115-44a0-aa29-d83de48ae9d8"},"workflowEntityId":{"value":"489ae963-8bdd-eb11-bacb-000d3ae85c05"},"ed1fb64e-96f1-44ac-b2d8-54f5521f9985":{"value":"shared_sharepointonline"}},"isOnPremiseConnection":false,"bypassConsent":false,"dataSets":{},"apiTier":"Standard","actions":["Run"]},"ed1fb64e-96f1-44ac-b2d8-54f5521f9985":{"id":"/providers/microsoft.powerapps/apis/shared_sharepointonline","displayName":"SharePoint","iconUri":"https://connectoricons-prod.azureedge.net/releases/v1.0.1472/1.0.1472.2427/sharepointonline/icon.png","dataSources":[],"dependencies":[],"dependents":["5806083a-9f93-4475-bfbe-06d9329cf3cb"],"parameterHints":{},"isOnPremiseConnection":false,"bypassConsent":false,"dataSets":{},"apiTier":"Standard"}}</ConnectionReferences>
      <DatabaseReferences>{}</DatabaseReferences>
      <AppComponents>[]</AppComponents>
      <AppComponentDependencies>[]</AppComponentDependencies>
      <CanConsumeAppPass>1</CanConsumeAppPass>
      <CanvasAppType>0</CanvasAppType>
      <BypassConsent>0</BypassConsent>
      <AdminControlBypassConsent>0</AdminControlBypassConsent>
      <EmbeddedApp xsi:nil="true"></EmbeddedApp>
      <IntroducedVersion>1.0</IntroducedVersion>
      <CdsDependencies>{"cdsdependencies":[]}</CdsDependencies>
      <IsCustomizable>1</IsCustomizable>
      <BackgroundImageUri>/CanvasApps/hres_hrexitsurvey_e119e_BackgroundImageUri</BackgroundImageUri>
      <DocumentUri>/CanvasApps/hres_hrexitsurvey_e119e_DocumentUri.msapp</DocumentUri>
    </CanvasApp>
  </CanvasApps>
  <connectionreferences>
    <connectionreference connectionreferencelogicalname="hres_sharedsharepointonline_c36fa">
      <connectionreferencedisplayname>SharePoint</connectionreferencedisplayname>
      <connectorid>/providers/Microsoft.PowerApps/apis/shared_sharepointonline</connectorid>
      <iscustomizable>1</iscustomizable>
      <statecode>0</statecode>
      <statuscode>1</statuscode>
    </connectionreference>
    <connectionreference connectionreferencelogicalname="new_sharedoffice365_2188e">
      <connectionreferencedisplayname>Office 365 Outlook</connectionreferencedisplayname>
      <connectorid>/providers/Microsoft.PowerApps/apis/shared_office365</connectorid>
      <iscustomizable>1</iscustomizable>
      <statecode>0</statecode>
      <statuscode>1</statuscode>
    </connectionreference>
  </connectionreferences>
  <Languages>
    <Language>1033</Language>
  </Languages>
</ImportExportXml>