{"properties":{"connectionReferences":{"shared_microsoftforms":{"runtimeSource":"embedded","connection":{},"api":{"name":"shared_microsoftforms"}},"shared_office365_1":{"runtimeSource":"embedded","connection":{},"api":{"name":"shared_office365"}}},"definition":{"$schema":"https://schema.management.azure.com/providers/Microsoft.Logic/schemas/2016-06-01/workflowdefinition.json#","contentVersion":"1.0.0.0","parameters":{"$connections":{"defaultValue":{},"type":"Object"},"$authentication":{"defaultValue":{},"type":"SecureObject"}},"triggers":{"When_a_new_response_is_submitted":{"splitOn":"@triggerOutputs()?['body/value']","type":"OpenApiConnectionWebhook","inputs":{"host":{"connectionName":"shared_microsoftforms","operationId":"CreateFormWebhook","apiId":"/providers/Microsoft.PowerApps/apis/shared_microsoftforms"},"parameters":{"form_id":"qf8IILLJl02a2UrOJThr5_kGXwLgI7hFrKchB5uHgsBUMTlOMDJCNVRZMFZHRFlBSTU3NVk4N0lHSy4u"},"authentication":"@parameters('$authentication')"}}},"actions":{"Get_response_details":{"runAfter":{},"type":"OpenApiConnection","inputs":{"host":{"connectionName":"shared_microsoftforms","operationId":"GetFormResponseById","apiId":"/providers/Microsoft.PowerApps/apis/shared_microsoftforms"},"parameters":{"form_id":"qf8IILLJl02a2UrOJThr5_kGXwLgI7hFrKchB5uHgsBUMTlOMDJCNVRZMFZHRFlBSTU3NVk4N0lHSy4u","response_id":"@triggerOutputs()?['body/resourceData/responseId']"},"authentication":"@parameters('$authentication')"}},"Send_an_email_(V2)":{"runAfter":{"Get_response_details":["Succeeded"]},"type":"OpenApiConnection","inputs":{"host":{"connectionName":"shared_office365_1","operationId":"SendEmailV2","apiId":"/providers/Microsoft.PowerApps/apis/shared_office365"},"parameters":{"emailMessage/To":"HRExitProgram-ProgrammeDedepartRH@tc.gc.ca","emailMessage/Subject":"Test: A new response has been submitted.","emailMessage/Body":"<p>A new response has been submitted for the Exit Interview Questionnaire.<br>\n<br>\nYou can access the results at http://forms.office.com/.<br>\n<br>\nThank you.</p>"},"authentication":"@parameters('$authentication')"}}}}},"schemaVersion":"1.0.0.0"}